{
    "Logistic Regression": {
        "accuracy": 0.67005,
        "f1": 0.0,
        "precision": 0.0,
        "recall": 0.0,
        "roc_auc": 0.4942004642396799,
        "confusion_matrix": [
            [
                13401,
                0
            ],
            [
                6599,
                0
            ]
        ]
    },
    "Random Forest": {
        "accuracy": 0.6678,
        "f1": 0.009245451834178348,
        "precision": 0.2897196261682243,
        "recall": 0.004697681466888923,
        "roc_auc": 0.4971075738196466,
        "confusion_matrix": [
            [
                13325,
                76
            ],
            [
                6568,
                31
            ]
        ]
    },
    "XGBoost": {
        "accuracy": 0.669,
        "f1": 0.004810583283223091,
        "precision": 0.3018867924528302,
        "recall": 0.0024246097893620244,
        "roc_auc": 0.5020502876979493,
        "confusion_matrix": [
            [
                13364,
                37
            ],
            [
                6583,
                16
            ]
        ]
    }
}